Id,First,Last,Email,Company
1901,Henry,PRESLY,nyasalamdi@gmail.com,Nyasaland
1902,John,LINOS,rhodesia@apole.com,Rhodesia
1903,Stanley,PRESLY,southern@google.com,Southern
1904,Grace,LINOS,nothern@yahoo.com,Northern
1905,edina,PRESLY,zambezi@yandex.ru,Zambezi
1906,Silas,LINOS,zimbaze@yandex.ru,Zimbwezi
1907,Presly,PRESLY,kalomo@yandex.ru,Kalomo
1908,Ruth,LINOS,monze@yahoo.com,Monze
1909,Philllip,PRESLY,lusaka@gmailcom,Lusaka
1910,Authur,LINOS,pemba@gmail.com,Pemba
